,sgRNA,GMT.sum,MDE.sum,MOFF.sum
0,GGGAAAGACCCAGCATCCGTNNN,5.149868782725372,4.34255724021773,0.3803487963111449
1,GGAATCCCTTCTGCAGCACCNNN,4.608492157601198,5.18447761073771,0.4625775785289409
2,GACCCCCTCCACCCCGCCTCNNN,7.670810726270126,5.9854661187647915,2.459090316318384
3,GGGTGGGGGGAGTTTGCTCCNNN,7.456421142677856,5.223743793473987,1.8387258161331745
4,GGTGAGTGAGTGTGTGCGTGNNN,8.092775199674454,8.118828313430802,3.5669667728759507
5,GGCCCAGACTGAGCACGTGANNN,5.591588773393447,4.658524310355168,0.6193542981630866
6,GAACACAAAGCATAGACTGCNNN,5.684908016106905,5.1627674098152205,0.7742250244976627
7,GTCATCTTAGTCATTACCTGNNN,4.478243555138652,4.930106842330843,0.39344573788856346
8,GAGTCCGAGCAGAAGAAGAANNN,6.690742318412717,5.841645701072123,1.6349686715073068
9,GGCACTGCGGCTGGAGGTGGNNN,8.271307301850044,6.830185182214447,3.237023300218997
